<?xml version="1.0" encoding="UTF-8"?>
<project-private xmlns="http://www.netbeans.org/ns/project-private/1">
    <editor-bookmarks xmlns="http://www.netbeans.org/ns/editor-bookmarks/2" lastBookmarkId="0"/>
    <open-files xmlns="http://www.netbeans.org/ns/projectui-open-files/2">
        <group>
            <file>file:/C:/Users/aer/Documents/NetBeansProjects/Ejercicio_BD_U07/src/ejercicio_bd_u07/Departamento.java</file>
            <file>file:/C:/Users/aer/Documents/NetBeansProjects/Ejercicio_BD_U07/src/ejercicio_bd_u07/CrearBDNeoDatis.java</file>
        </group>
    </open-files>
</project-private>
